<application>
  <component name="ProjectJdkTable">
    <jdk version="2">
      <name value="openjdk-19" />
      <type value="JavaSDK" />
      <version value="Oracle OpenJDK version 19.0.1" />
      <homePath value="$USER_HOME$/.jdks/openjdk-19.0.1" />
      <roots>
        <annotationsPath>
          <root type="composite">
            <root url="jar://$APPLICATION_HOME_DIR$/plugins/java/lib/resources/jdkAnnotations.jar!/" type="simple" />
          </root>
        </annotationsPath>
        <classPath>
          <root type="composite">
            <root url="jrt://$USER_HOME$/.jdks/openjdk-19.0.1!/java.base" type="simple" />
            <root url="jrt://$USER_HOME$/.jdks/openjdk-19.0.1!/java.compiler" type="simple" />
            <root url="jrt://$USER_HOME$/.jdks/openjdk-19.0.1!/java.datatransfer" type="simple" />
            <root url="jrt://$USER_HOME$/.jdks/openjdk-19.0.1!/java.desktop" type="simple" />
            <root url="jrt://$USER_HOME$/.jdks/openjdk-19.0.1!/java.instrument" type="simple" />
            <root url="jrt://$USER_HOME$/.jdks/openjdk-19.0.1!/java.logging" type="simple" />
            <root url="jrt://$USER_HOME$/.jdks/openjdk-19.0.1!/java.management" type="simple" />
            <root url="jrt://$USER_HOME$/.jdks/openjdk-19.0.1!/java.management.rmi" type="simple" />
            <root url="jrt://$USER_HOME$/.jdks/openjdk-19.0.1!/java.naming" type="simple" />
            <root url="jrt://$USER_HOME$/.jdks/openjdk-19.0.1!/java.net.http" type="simple" />
            <root url="jrt://$USER_HOME$/.jdks/openjdk-19.0.1!/java.prefs" type="simple" />
            <root url="jrt://$USER_HOME$/.jdks/openjdk-19.0.1!/java.rmi" type="simple" />
            <root url="jrt://$USER_HOME$/.jdks/openjdk-19.0.1!/java.scripting" type="simple" />
            <root url="jrt://$USER_HOME$/.jdks/openjdk-19.0.1!/java.se" type="simple" />
            <root url="jrt://$USER_HOME$/.jdks/openjdk-19.0.1!/java.security.jgss" type="simple" />
            <root url="jrt://$USER_HOME$/.jdks/openjdk-19.0.1!/java.security.sasl" type="simple" />
            <root url="jrt://$USER_HOME$/.jdks/openjdk-19.0.1!/java.smartcardio" type="simple" />
            <root url="jrt://$USER_HOME$/.jdks/openjdk-19.0.1!/java.sql" type="simple" />
            <root url="jrt://$USER_HOME$/.jdks/openjdk-19.0.1!/java.sql.rowset" type="simple" />
            <root url="jrt://$USER_HOME$/.jdks/openjdk-19.0.1!/java.transaction.xa" type="simple" />
            <root url="jrt://$USER_HOME$/.jdks/openjdk-19.0.1!/java.xml" type="simple" />
            <root url="jrt://$USER_HOME$/.jdks/openjdk-19.0.1!/java.xml.crypto" type="simple" />
            <root url="jrt://$USER_HOME$/.jdks/openjdk-19.0.1!/jdk.accessibility" type="simple" />
            <root url="jrt://$USER_HOME$/.jdks/openjdk-19.0.1!/jdk.attach" type="simple" />
            <root url="jrt://$USER_HOME$/.jdks/openjdk-19.0.1!/jdk.charsets" type="simple" />
            <root url="jrt://$USER_HOME$/.jdks/openjdk-19.0.1!/jdk.compiler" type="simple" />
            <root url="jrt://$USER_HOME$/.jdks/openjdk-19.0.1!/jdk.crypto.cryptoki" type="simple" />
            <root url="jrt://$USER_HOME$/.jdks/openjdk-19.0.1!/jdk.crypto.ec" type="simple" />
            <root url="jrt://$USER_HOME$/.jdks/openjdk-19.0.1!/jdk.crypto.mscapi" type="simple" />
            <root url="jrt://$USER_HOME$/.jdks/openjdk-19.0.1!/jdk.dynalink" type="simple" />
            <root url="jrt://$USER_HOME$/.jdks/openjdk-19.0.1!/jdk.editpad" type="simple" />
            <root url="jrt://$USER_HOME$/.jdks/openjdk-19.0.1!/jdk.hotspot.agent" type="simple" />
            <root url="jrt://$USER_HOME$/.jdks/openjdk-19.0.1!/jdk.httpserver" type="simple" />
            <root url="jrt://$USER_HOME$/.jdks/openjdk-19.0.1!/jdk.incubator.concurrent" type="simple" />
            <root url="jrt://$USER_HOME$/.jdks/openjdk-19.0.1!/jdk.incubator.vector" type="simple" />
            <root url="jrt://$USER_HOME$/.jdks/openjdk-19.0.1!/jdk.internal.ed" type="simple" />
            <root url="jrt://$USER_HOME$/.jdks/openjdk-19.0.1!/jdk.internal.jvmstat" type="simple" />
            <root url="jrt://$USER_HOME$/.jdks/openjdk-19.0.1!/jdk.internal.le" type="simple" />
            <root url="jrt://$USER_HOME$/.jdks/openjdk-19.0.1!/jdk.internal.opt" type="simple" />
            <root url="jrt://$USER_HOME$/.jdks/openjdk-19.0.1!/jdk.internal.vm.ci" type="simple" />
            <root url="jrt://$USER_HOME$/.jdks/openjdk-19.0.1!/jdk.internal.vm.compiler" type="simple" />
            <root url="jrt://$USER_HOME$/.jdks/openjdk-19.0.1!/jdk.internal.vm.compiler.management" type="simple" />
            <root url="jrt://$USER_HOME$/.jdks/openjdk-19.0.1!/jdk.jartool" type="simple" />
            <root url="jrt://$USER_HOME$/.jdks/openjdk-19.0.1!/jdk.javadoc" type="simple" />
            <root url="jrt://$USER_HOME$/.jdks/openjdk-19.0.1!/jdk.jcmd" type="simple" />
            <root url="jrt://$USER_HOME$/.jdks/openjdk-19.0.1!/jdk.jconsole" type="simple" />
            <root url="jrt://$USER_HOME$/.jdks/openjdk-19.0.1!/jdk.jdeps" type="simple" />
            <root url="jrt://$USER_HOME$/.jdks/openjdk-19.0.1!/jdk.jdi" type="simple" />
            <root url="jrt://$USER_HOME$/.jdks/openjdk-19.0.1!/jdk.jdwp.agent" type="simple" />
            <root url="jrt://$USER_HOME$/.jdks/openjdk-19.0.1!/jdk.jfr" type="simple" />
            <root url="jrt://$USER_HOME$/.jdks/openjdk-19.0.1!/jdk.jlink" type="simple" />
            <root url="jrt://$USER_HOME$/.jdks/openjdk-19.0.1!/jdk.jpackage" type="simple" />
            <root url="jrt://$USER_HOME$/.jdks/openjdk-19.0.1!/jdk.jshell" type="simple" />
            <root url="jrt://$USER_HOME$/.jdks/openjdk-19.0.1!/jdk.jsobject" type="simple" />
            <root url="jrt://$USER_HOME$/.jdks/openjdk-19.0.1!/jdk.jstatd" type="simple" />
            <root url="jrt://$USER_HOME$/.jdks/openjdk-19.0.1!/jdk.localedata" type="simple" />
            <root url="jrt://$USER_HOME$/.jdks/openjdk-19.0.1!/jdk.management" type="simple" />
            <root url="jrt://$USER_HOME$/.jdks/openjdk-19.0.1!/jdk.management.agent" type="simple" />
            <root url="jrt://$USER_HOME$/.jdks/openjdk-19.0.1!/jdk.management.jfr" type="simple" />
            <root url="jrt://$USER_HOME$/.jdks/openjdk-19.0.1!/jdk.naming.dns" type="simple" />
            <root url="jrt://$USER_HOME$/.jdks/openjdk-19.0.1!/jdk.naming.rmi" type="simple" />
            <root url="jrt://$USER_HOME$/.jdks/openjdk-19.0.1!/jdk.net" type="simple" />
            <root url="jrt://$USER_HOME$/.jdks/openjdk-19.0.1!/jdk.nio.mapmode" type="simple" />
            <root url="jrt://$USER_HOME$/.jdks/openjdk-19.0.1!/jdk.random" type="simple" />
            <root url="jrt://$USER_HOME$/.jdks/openjdk-19.0.1!/jdk.sctp" type="simple" />
            <root url="jrt://$USER_HOME$/.jdks/openjdk-19.0.1!/jdk.security.auth" type="simple" />
            <root url="jrt://$USER_HOME$/.jdks/openjdk-19.0.1!/jdk.security.jgss" type="simple" />
            <root url="jrt://$USER_HOME$/.jdks/openjdk-19.0.1!/jdk.unsupported" type="simple" />
            <root url="jrt://$USER_HOME$/.jdks/openjdk-19.0.1!/jdk.unsupported.desktop" type="simple" />
            <root url="jrt://$USER_HOME$/.jdks/openjdk-19.0.1!/jdk.xml.dom" type="simple" />
            <root url="jrt://$USER_HOME$/.jdks/openjdk-19.0.1!/jdk.zipfs" type="simple" />
          </root>
        </classPath>
        <javadocPath>
          <root type="composite" />
        </javadocPath>
        <sourcePath>
          <root type="composite">
            <root url="jar://$USER_HOME$/.jdks/openjdk-19.0.1/lib/src.zip!/java.se" type="simple" />
            <root url="jar://$USER_HOME$/.jdks/openjdk-19.0.1/lib/src.zip!/jdk.jdi" type="simple" />
            <root url="jar://$USER_HOME$/.jdks/openjdk-19.0.1/lib/src.zip!/jdk.jfr" type="simple" />
            <root url="jar://$USER_HOME$/.jdks/openjdk-19.0.1/lib/src.zip!/jdk.net" type="simple" />
            <root url="jar://$USER_HOME$/.jdks/openjdk-19.0.1/lib/src.zip!/java.rmi" type="simple" />
            <root url="jar://$USER_HOME$/.jdks/openjdk-19.0.1/lib/src.zip!/java.sql" type="simple" />
            <root url="jar://$USER_HOME$/.jdks/openjdk-19.0.1/lib/src.zip!/java.xml" type="simple" />
            <root url="jar://$USER_HOME$/.jdks/openjdk-19.0.1/lib/src.zip!/jdk.jcmd" type="simple" />
            <root url="jar://$USER_HOME$/.jdks/openjdk-19.0.1/lib/src.zip!/jdk.sctp" type="simple" />
            <root url="jar://$USER_HOME$/.jdks/openjdk-19.0.1/lib/src.zip!/java.base" type="simple" />
            <root url="jar://$USER_HOME$/.jdks/openjdk-19.0.1/lib/src.zip!/jdk.jdeps" type="simple" />
            <root url="jar://$USER_HOME$/.jdks/openjdk-19.0.1/lib/src.zip!/jdk.jlink" type="simple" />
            <root url="jar://$USER_HOME$/.jdks/openjdk-19.0.1/lib/src.zip!/jdk.zipfs" type="simple" />
            <root url="jar://$USER_HOME$/.jdks/openjdk-19.0.1/lib/src.zip!/java.prefs" type="simple" />
            <root url="jar://$USER_HOME$/.jdks/openjdk-19.0.1/lib/src.zip!/jdk.attach" type="simple" />
            <root url="jar://$USER_HOME$/.jdks/openjdk-19.0.1/lib/src.zip!/jdk.jshell" type="simple" />
            <root url="jar://$USER_HOME$/.jdks/openjdk-19.0.1/lib/src.zip!/jdk.jstatd" type="simple" />
            <root url="jar://$USER_HOME$/.jdks/openjdk-19.0.1/lib/src.zip!/jdk.random" type="simple" />
            <root url="jar://$USER_HOME$/.jdks/openjdk-19.0.1/lib/src.zip!/java.naming" type="simple" />
            <root url="jar://$USER_HOME$/.jdks/openjdk-19.0.1/lib/src.zip!/jdk.editpad" type="simple" />
            <root url="jar://$USER_HOME$/.jdks/openjdk-19.0.1/lib/src.zip!/jdk.jartool" type="simple" />
            <root url="jar://$USER_HOME$/.jdks/openjdk-19.0.1/lib/src.zip!/jdk.javadoc" type="simple" />
            <root url="jar://$USER_HOME$/.jdks/openjdk-19.0.1/lib/src.zip!/jdk.xml.dom" type="simple" />
            <root url="jar://$USER_HOME$/.jdks/openjdk-19.0.1/lib/src.zip!/java.desktop" type="simple" />
            <root url="jar://$USER_HOME$/.jdks/openjdk-19.0.1/lib/src.zip!/java.logging" type="simple" />
            <root url="jar://$USER_HOME$/.jdks/openjdk-19.0.1/lib/src.zip!/jdk.charsets" type="simple" />
            <root url="jar://$USER_HOME$/.jdks/openjdk-19.0.1/lib/src.zip!/jdk.compiler" type="simple" />
            <root url="jar://$USER_HOME$/.jdks/openjdk-19.0.1/lib/src.zip!/jdk.dynalink" type="simple" />
            <root url="jar://$USER_HOME$/.jdks/openjdk-19.0.1/lib/src.zip!/jdk.jconsole" type="simple" />
            <root url="jar://$USER_HOME$/.jdks/openjdk-19.0.1/lib/src.zip!/jdk.jpackage" type="simple" />
            <root url="jar://$USER_HOME$/.jdks/openjdk-19.0.1/lib/src.zip!/jdk.jsobject" type="simple" />
            <root url="jar://$USER_HOME$/.jdks/openjdk-19.0.1/lib/src.zip!/java.compiler" type="simple" />
            <root url="jar://$USER_HOME$/.jdks/openjdk-19.0.1/lib/src.zip!/java.net.http" type="simple" />
            <root url="jar://$USER_HOME$/.jdks/openjdk-19.0.1/lib/src.zip!/jdk.crypto.ec" type="simple" />
            <root url="jar://$USER_HOME$/.jdks/openjdk-19.0.1/lib/src.zip!/java.scripting" type="simple" />
            <root url="jar://$USER_HOME$/.jdks/openjdk-19.0.1/lib/src.zip!/jdk.httpserver" type="simple" />
            <root url="jar://$USER_HOME$/.jdks/openjdk-19.0.1/lib/src.zip!/jdk.jdwp.agent" type="simple" />
            <root url="jar://$USER_HOME$/.jdks/openjdk-19.0.1/lib/src.zip!/jdk.localedata" type="simple" />
            <root url="jar://$USER_HOME$/.jdks/openjdk-19.0.1/lib/src.zip!/jdk.management" type="simple" />
            <root url="jar://$USER_HOME$/.jdks/openjdk-19.0.1/lib/src.zip!/jdk.naming.dns" type="simple" />
            <root url="jar://$USER_HOME$/.jdks/openjdk-19.0.1/lib/src.zip!/jdk.naming.rmi" type="simple" />
            <root url="jar://$USER_HOME$/.jdks/openjdk-19.0.1/lib/src.zip!/java.instrument" type="simple" />
            <root url="jar://$USER_HOME$/.jdks/openjdk-19.0.1/lib/src.zip!/java.management" type="simple" />
            <root url="jar://$USER_HOME$/.jdks/openjdk-19.0.1/lib/src.zip!/java.sql.rowset" type="simple" />
            <root url="jar://$USER_HOME$/.jdks/openjdk-19.0.1/lib/src.zip!/java.xml.crypto" type="simple" />
            <root url="jar://$USER_HOME$/.jdks/openjdk-19.0.1/lib/src.zip!/jdk.internal.ed" type="simple" />
            <root url="jar://$USER_HOME$/.jdks/openjdk-19.0.1/lib/src.zip!/jdk.internal.le" type="simple" />
            <root url="jar://$USER_HOME$/.jdks/openjdk-19.0.1/lib/src.zip!/jdk.nio.mapmode" type="simple" />
            <root url="jar://$USER_HOME$/.jdks/openjdk-19.0.1/lib/src.zip!/jdk.unsupported" type="simple" />
            <root url="jar://$USER_HOME$/.jdks/openjdk-19.0.1/lib/src.zip!/java.smartcardio" type="simple" />
            <root url="jar://$USER_HOME$/.jdks/openjdk-19.0.1/lib/src.zip!/jdk.internal.opt" type="simple" />
            <root url="jar://$USER_HOME$/.jdks/openjdk-19.0.1/lib/src.zip!/java.datatransfer" type="simple" />
            <root url="jar://$USER_HOME$/.jdks/openjdk-19.0.1/lib/src.zip!/jdk.accessibility" type="simple" />
            <root url="jar://$USER_HOME$/.jdks/openjdk-19.0.1/lib/src.zip!/jdk.crypto.mscapi" type="simple" />
            <root url="jar://$USER_HOME$/.jdks/openjdk-19.0.1/lib/src.zip!/jdk.hotspot.agent" type="simple" />
            <root url="jar://$USER_HOME$/.jdks/openjdk-19.0.1/lib/src.zip!/jdk.security.auth" type="simple" />
            <root url="jar://$USER_HOME$/.jdks/openjdk-19.0.1/lib/src.zip!/jdk.security.jgss" type="simple" />
            <root url="jar://$USER_HOME$/.jdks/openjdk-19.0.1/lib/src.zip!/java.security.jgss" type="simple" />
            <root url="jar://$USER_HOME$/.jdks/openjdk-19.0.1/lib/src.zip!/java.security.sasl" type="simple" />
            <root url="jar://$USER_HOME$/.jdks/openjdk-19.0.1/lib/src.zip!/jdk.internal.vm.ci" type="simple" />
            <root url="jar://$USER_HOME$/.jdks/openjdk-19.0.1/lib/src.zip!/jdk.management.jfr" type="simple" />
            <root url="jar://$USER_HOME$/.jdks/openjdk-19.0.1/lib/src.zip!/java.management.rmi" type="simple" />
            <root url="jar://$USER_HOME$/.jdks/openjdk-19.0.1/lib/src.zip!/java.transaction.xa" type="simple" />
            <root url="jar://$USER_HOME$/.jdks/openjdk-19.0.1/lib/src.zip!/jdk.crypto.cryptoki" type="simple" />
            <root url="jar://$USER_HOME$/.jdks/openjdk-19.0.1/lib/src.zip!/jdk.incubator.vector" type="simple" />
            <root url="jar://$USER_HOME$/.jdks/openjdk-19.0.1/lib/src.zip!/jdk.internal.jvmstat" type="simple" />
            <root url="jar://$USER_HOME$/.jdks/openjdk-19.0.1/lib/src.zip!/jdk.management.agent" type="simple" />
            <root url="jar://$USER_HOME$/.jdks/openjdk-19.0.1/lib/src.zip!/jdk.unsupported.desktop" type="simple" />
            <root url="jar://$USER_HOME$/.jdks/openjdk-19.0.1/lib/src.zip!/jdk.incubator.concurrent" type="simple" />
            <root url="jar://$USER_HOME$/.jdks/openjdk-19.0.1/lib/src.zip!/jdk.internal.vm.compiler" type="simple" />
            <root url="jar://$USER_HOME$/.jdks/openjdk-19.0.1/lib/src.zip!/jdk.internal.vm.compiler.management" type="simple" />
          </root>
        </sourcePath>
      </roots>
    </jdk>
    <jdk version="2">
      <name value="Kotlin SDK" />
      <type value="KotlinSDK" />
      <homePath value="/" />
      <roots>
        <annotationsPath>
          <root type="composite" />
        </annotationsPath>
        <classPath>
          <root type="composite" />
        </classPath>
        <javadocPath>
          <root type="composite" />
        </javadocPath>
        <sourcePath>
          <root type="composite" />
        </sourcePath>
      </roots>
    </jdk>
    <jdk version="2">
      <name value="jbr-17" />
      <type value="JavaSDK" />
      <version value="JetBrains Runtime version 17.0.5" />
      <homePath value="$APPLICATION_HOME_DIR$/jbr" />
      <roots>
        <annotationsPath>
          <root type="composite">
            <root url="jar://$APPLICATION_HOME_DIR$/plugins/java/lib/resources/jdkAnnotations.jar!/" type="simple" />
          </root>
        </annotationsPath>
        <classPath>
          <root type="composite">
            <root url="jrt://C:/Program Files/JetBrains/IntelliJ IDEA 2022.3.1/jbr!/gluegen.rt" type="simple" />
            <root url="jrt://C:/Program Files/JetBrains/IntelliJ IDEA 2022.3.1/jbr!/java.base" type="simple" />
            <root url="jrt://C:/Program Files/JetBrains/IntelliJ IDEA 2022.3.1/jbr!/java.compiler" type="simple" />
            <root url="jrt://C:/Program Files/JetBrains/IntelliJ IDEA 2022.3.1/jbr!/java.datatransfer" type="simple" />
            <root url="jrt://C:/Program Files/JetBrains/IntelliJ IDEA 2022.3.1/jbr!/java.desktop" type="simple" />
            <root url="jrt://C:/Program Files/JetBrains/IntelliJ IDEA 2022.3.1/jbr!/java.instrument" type="simple" />
            <root url="jrt://C:/Program Files/JetBrains/IntelliJ IDEA 2022.3.1/jbr!/java.logging" type="simple" />
            <root url="jrt://C:/Program Files/JetBrains/IntelliJ IDEA 2022.3.1/jbr!/java.management" type="simple" />
            <root url="jrt://C:/Program Files/JetBrains/IntelliJ IDEA 2022.3.1/jbr!/java.management.rmi" type="simple" />
            <root url="jrt://C:/Program Files/JetBrains/IntelliJ IDEA 2022.3.1/jbr!/java.naming" type="simple" />
            <root url="jrt://C:/Program Files/JetBrains/IntelliJ IDEA 2022.3.1/jbr!/java.net.http" type="simple" />
            <root url="jrt://C:/Program Files/JetBrains/IntelliJ IDEA 2022.3.1/jbr!/java.prefs" type="simple" />
            <root url="jrt://C:/Program Files/JetBrains/IntelliJ IDEA 2022.3.1/jbr!/java.rmi" type="simple" />
            <root url="jrt://C:/Program Files/JetBrains/IntelliJ IDEA 2022.3.1/jbr!/java.scripting" type="simple" />
            <root url="jrt://C:/Program Files/JetBrains/IntelliJ IDEA 2022.3.1/jbr!/java.se" type="simple" />
            <root url="jrt://C:/Program Files/JetBrains/IntelliJ IDEA 2022.3.1/jbr!/java.security.jgss" type="simple" />
            <root url="jrt://C:/Program Files/JetBrains/IntelliJ IDEA 2022.3.1/jbr!/java.security.sasl" type="simple" />
            <root url="jrt://C:/Program Files/JetBrains/IntelliJ IDEA 2022.3.1/jbr!/java.smartcardio" type="simple" />
            <root url="jrt://C:/Program Files/JetBrains/IntelliJ IDEA 2022.3.1/jbr!/java.sql" type="simple" />
            <root url="jrt://C:/Program Files/JetBrains/IntelliJ IDEA 2022.3.1/jbr!/java.sql.rowset" type="simple" />
            <root url="jrt://C:/Program Files/JetBrains/IntelliJ IDEA 2022.3.1/jbr!/java.transaction.xa" type="simple" />
            <root url="jrt://C:/Program Files/JetBrains/IntelliJ IDEA 2022.3.1/jbr!/java.xml" type="simple" />
            <root url="jrt://C:/Program Files/JetBrains/IntelliJ IDEA 2022.3.1/jbr!/java.xml.crypto" type="simple" />
            <root url="jrt://C:/Program Files/JetBrains/IntelliJ IDEA 2022.3.1/jbr!/jcef" type="simple" />
            <root url="jrt://C:/Program Files/JetBrains/IntelliJ IDEA 2022.3.1/jbr!/jdk.accessibility" type="simple" />
            <root url="jrt://C:/Program Files/JetBrains/IntelliJ IDEA 2022.3.1/jbr!/jdk.attach" type="simple" />
            <root url="jrt://C:/Program Files/JetBrains/IntelliJ IDEA 2022.3.1/jbr!/jdk.charsets" type="simple" />
            <root url="jrt://C:/Program Files/JetBrains/IntelliJ IDEA 2022.3.1/jbr!/jdk.compiler" type="simple" />
            <root url="jrt://C:/Program Files/JetBrains/IntelliJ IDEA 2022.3.1/jbr!/jdk.crypto.cryptoki" type="simple" />
            <root url="jrt://C:/Program Files/JetBrains/IntelliJ IDEA 2022.3.1/jbr!/jdk.crypto.ec" type="simple" />
            <root url="jrt://C:/Program Files/JetBrains/IntelliJ IDEA 2022.3.1/jbr!/jdk.crypto.mscapi" type="simple" />
            <root url="jrt://C:/Program Files/JetBrains/IntelliJ IDEA 2022.3.1/jbr!/jdk.dynalink" type="simple" />
            <root url="jrt://C:/Program Files/JetBrains/IntelliJ IDEA 2022.3.1/jbr!/jdk.hotspot.agent" type="simple" />
            <root url="jrt://C:/Program Files/JetBrains/IntelliJ IDEA 2022.3.1/jbr!/jdk.httpserver" type="simple" />
            <root url="jrt://C:/Program Files/JetBrains/IntelliJ IDEA 2022.3.1/jbr!/jdk.internal.ed" type="simple" />
            <root url="jrt://C:/Program Files/JetBrains/IntelliJ IDEA 2022.3.1/jbr!/jdk.internal.jvmstat" type="simple" />
            <root url="jrt://C:/Program Files/JetBrains/IntelliJ IDEA 2022.3.1/jbr!/jdk.internal.le" type="simple" />
            <root url="jrt://C:/Program Files/JetBrains/IntelliJ IDEA 2022.3.1/jbr!/jdk.internal.vm.ci" type="simple" />
            <root url="jrt://C:/Program Files/JetBrains/IntelliJ IDEA 2022.3.1/jbr!/jdk.javadoc" type="simple" />
            <root url="jrt://C:/Program Files/JetBrains/IntelliJ IDEA 2022.3.1/jbr!/jdk.jcmd" type="simple" />
            <root url="jrt://C:/Program Files/JetBrains/IntelliJ IDEA 2022.3.1/jbr!/jdk.jdi" type="simple" />
            <root url="jrt://C:/Program Files/JetBrains/IntelliJ IDEA 2022.3.1/jbr!/jdk.jdwp.agent" type="simple" />
            <root url="jrt://C:/Program Files/JetBrains/IntelliJ IDEA 2022.3.1/jbr!/jdk.jfr" type="simple" />
            <root url="jrt://C:/Program Files/JetBrains/IntelliJ IDEA 2022.3.1/jbr!/jdk.jsobject" type="simple" />
            <root url="jrt://C:/Program Files/JetBrains/IntelliJ IDEA 2022.3.1/jbr!/jdk.localedata" type="simple" />
            <root url="jrt://C:/Program Files/JetBrains/IntelliJ IDEA 2022.3.1/jbr!/jdk.management" type="simple" />
            <root url="jrt://C:/Program Files/JetBrains/IntelliJ IDEA 2022.3.1/jbr!/jdk.management.agent" type="simple" />
            <root url="jrt://C:/Program Files/JetBrains/IntelliJ IDEA 2022.3.1/jbr!/jdk.management.jfr" type="simple" />
            <root url="jrt://C:/Program Files/JetBrains/IntelliJ IDEA 2022.3.1/jbr!/jdk.naming.dns" type="simple" />
            <root url="jrt://C:/Program Files/JetBrains/IntelliJ IDEA 2022.3.1/jbr!/jdk.naming.rmi" type="simple" />
            <root url="jrt://C:/Program Files/JetBrains/IntelliJ IDEA 2022.3.1/jbr!/jdk.net" type="simple" />
            <root url="jrt://C:/Program Files/JetBrains/IntelliJ IDEA 2022.3.1/jbr!/jdk.sctp" type="simple" />
            <root url="jrt://C:/Program Files/JetBrains/IntelliJ IDEA 2022.3.1/jbr!/jdk.security.auth" type="simple" />
            <root url="jrt://C:/Program Files/JetBrains/IntelliJ IDEA 2022.3.1/jbr!/jdk.security.jgss" type="simple" />
            <root url="jrt://C:/Program Files/JetBrains/IntelliJ IDEA 2022.3.1/jbr!/jdk.unsupported" type="simple" />
            <root url="jrt://C:/Program Files/JetBrains/IntelliJ IDEA 2022.3.1/jbr!/jdk.unsupported.desktop" type="simple" />
            <root url="jrt://C:/Program Files/JetBrains/IntelliJ IDEA 2022.3.1/jbr!/jdk.xml.dom" type="simple" />
            <root url="jrt://C:/Program Files/JetBrains/IntelliJ IDEA 2022.3.1/jbr!/jdk.zipfs" type="simple" />
            <root url="jrt://C:/Program Files/JetBrains/IntelliJ IDEA 2022.3.1/jbr!/jogl.all" type="simple" />
          </root>
        </classPath>
        <javadocPath>
          <root type="composite">
            <root url="https://docs.oracle.com/en/java/javase/17/docs/api/" type="simple" />
          </root>
        </javadocPath>
        <sourcePath>
          <root type="composite" />
        </sourcePath>
      </roots>
    </jdk>
    <jdk version="2">
      <name value="liberica-17" />
      <type value="JavaSDK" />
      <version value="BellSoft Liberica version 17.0.10" />
      <homePath value="$USER_HOME$/.jdks/liberica-17.0.10" />
      <roots>
        <annotationsPath>
          <root type="composite">
            <root url="jar://$APPLICATION_HOME_DIR$/plugins/java/lib/resources/jdkAnnotations.jar!/" type="simple" />
          </root>
        </annotationsPath>
        <classPath>
          <root type="composite">
            <root url="jrt://$USER_HOME$/.jdks/liberica-17.0.10!/java.base" type="simple" />
            <root url="jrt://$USER_HOME$/.jdks/liberica-17.0.10!/java.compiler" type="simple" />
            <root url="jrt://$USER_HOME$/.jdks/liberica-17.0.10!/java.datatransfer" type="simple" />
            <root url="jrt://$USER_HOME$/.jdks/liberica-17.0.10!/java.desktop" type="simple" />
            <root url="jrt://$USER_HOME$/.jdks/liberica-17.0.10!/java.instrument" type="simple" />
            <root url="jrt://$USER_HOME$/.jdks/liberica-17.0.10!/java.logging" type="simple" />
            <root url="jrt://$USER_HOME$/.jdks/liberica-17.0.10!/java.management" type="simple" />
            <root url="jrt://$USER_HOME$/.jdks/liberica-17.0.10!/java.management.rmi" type="simple" />
            <root url="jrt://$USER_HOME$/.jdks/liberica-17.0.10!/java.naming" type="simple" />
            <root url="jrt://$USER_HOME$/.jdks/liberica-17.0.10!/java.net.http" type="simple" />
            <root url="jrt://$USER_HOME$/.jdks/liberica-17.0.10!/java.prefs" type="simple" />
            <root url="jrt://$USER_HOME$/.jdks/liberica-17.0.10!/java.rmi" type="simple" />
            <root url="jrt://$USER_HOME$/.jdks/liberica-17.0.10!/java.scripting" type="simple" />
            <root url="jrt://$USER_HOME$/.jdks/liberica-17.0.10!/java.se" type="simple" />
            <root url="jrt://$USER_HOME$/.jdks/liberica-17.0.10!/java.security.jgss" type="simple" />
            <root url="jrt://$USER_HOME$/.jdks/liberica-17.0.10!/java.security.sasl" type="simple" />
            <root url="jrt://$USER_HOME$/.jdks/liberica-17.0.10!/java.smartcardio" type="simple" />
            <root url="jrt://$USER_HOME$/.jdks/liberica-17.0.10!/java.sql" type="simple" />
            <root url="jrt://$USER_HOME$/.jdks/liberica-17.0.10!/java.sql.rowset" type="simple" />
            <root url="jrt://$USER_HOME$/.jdks/liberica-17.0.10!/java.transaction.xa" type="simple" />
            <root url="jrt://$USER_HOME$/.jdks/liberica-17.0.10!/java.xml" type="simple" />
            <root url="jrt://$USER_HOME$/.jdks/liberica-17.0.10!/java.xml.crypto" type="simple" />
            <root url="jrt://$USER_HOME$/.jdks/liberica-17.0.10!/jdk.accessibility" type="simple" />
            <root url="jrt://$USER_HOME$/.jdks/liberica-17.0.10!/jdk.attach" type="simple" />
            <root url="jrt://$USER_HOME$/.jdks/liberica-17.0.10!/jdk.charsets" type="simple" />
            <root url="jrt://$USER_HOME$/.jdks/liberica-17.0.10!/jdk.compiler" type="simple" />
            <root url="jrt://$USER_HOME$/.jdks/liberica-17.0.10!/jdk.crypto.cryptoki" type="simple" />
            <root url="jrt://$USER_HOME$/.jdks/liberica-17.0.10!/jdk.crypto.ec" type="simple" />
            <root url="jrt://$USER_HOME$/.jdks/liberica-17.0.10!/jdk.crypto.mscapi" type="simple" />
            <root url="jrt://$USER_HOME$/.jdks/liberica-17.0.10!/jdk.dynalink" type="simple" />
            <root url="jrt://$USER_HOME$/.jdks/liberica-17.0.10!/jdk.editpad" type="simple" />
            <root url="jrt://$USER_HOME$/.jdks/liberica-17.0.10!/jdk.hotspot.agent" type="simple" />
            <root url="jrt://$USER_HOME$/.jdks/liberica-17.0.10!/jdk.httpserver" type="simple" />
            <root url="jrt://$USER_HOME$/.jdks/liberica-17.0.10!/jdk.incubator.foreign" type="simple" />
            <root url="jrt://$USER_HOME$/.jdks/liberica-17.0.10!/jdk.incubator.vector" type="simple" />
            <root url="jrt://$USER_HOME$/.jdks/liberica-17.0.10!/jdk.internal.ed" type="simple" />
            <root url="jrt://$USER_HOME$/.jdks/liberica-17.0.10!/jdk.internal.jvmstat" type="simple" />
            <root url="jrt://$USER_HOME$/.jdks/liberica-17.0.10!/jdk.internal.le" type="simple" />
            <root url="jrt://$USER_HOME$/.jdks/liberica-17.0.10!/jdk.internal.opt" type="simple" />
            <root url="jrt://$USER_HOME$/.jdks/liberica-17.0.10!/jdk.internal.vm.ci" type="simple" />
            <root url="jrt://$USER_HOME$/.jdks/liberica-17.0.10!/jdk.internal.vm.compiler" type="simple" />
            <root url="jrt://$USER_HOME$/.jdks/liberica-17.0.10!/jdk.internal.vm.compiler.management" type="simple" />
            <root url="jrt://$USER_HOME$/.jdks/liberica-17.0.10!/jdk.jartool" type="simple" />
            <root url="jrt://$USER_HOME$/.jdks/liberica-17.0.10!/jdk.javadoc" type="simple" />
            <root url="jrt://$USER_HOME$/.jdks/liberica-17.0.10!/jdk.jcmd" type="simple" />
            <root url="jrt://$USER_HOME$/.jdks/liberica-17.0.10!/jdk.jconsole" type="simple" />
            <root url="jrt://$USER_HOME$/.jdks/liberica-17.0.10!/jdk.jdeps" type="simple" />
            <root url="jrt://$USER_HOME$/.jdks/liberica-17.0.10!/jdk.jdi" type="simple" />
            <root url="jrt://$USER_HOME$/.jdks/liberica-17.0.10!/jdk.jdwp.agent" type="simple" />
            <root url="jrt://$USER_HOME$/.jdks/liberica-17.0.10!/jdk.jfr" type="simple" />
            <root url="jrt://$USER_HOME$/.jdks/liberica-17.0.10!/jdk.jlink" type="simple" />
            <root url="jrt://$USER_HOME$/.jdks/liberica-17.0.10!/jdk.jpackage" type="simple" />
            <root url="jrt://$USER_HOME$/.jdks/liberica-17.0.10!/jdk.jshell" type="simple" />
            <root url="jrt://$USER_HOME$/.jdks/liberica-17.0.10!/jdk.jsobject" type="simple" />
            <root url="jrt://$USER_HOME$/.jdks/liberica-17.0.10!/jdk.jstatd" type="simple" />
            <root url="jrt://$USER_HOME$/.jdks/liberica-17.0.10!/jdk.localedata" type="simple" />
            <root url="jrt://$USER_HOME$/.jdks/liberica-17.0.10!/jdk.management" type="simple" />
            <root url="jrt://$USER_HOME$/.jdks/liberica-17.0.10!/jdk.management.agent" type="simple" />
            <root url="jrt://$USER_HOME$/.jdks/liberica-17.0.10!/jdk.management.jfr" type="simple" />
            <root url="jrt://$USER_HOME$/.jdks/liberica-17.0.10!/jdk.naming.dns" type="simple" />
            <root url="jrt://$USER_HOME$/.jdks/liberica-17.0.10!/jdk.naming.rmi" type="simple" />
            <root url="jrt://$USER_HOME$/.jdks/liberica-17.0.10!/jdk.net" type="simple" />
            <root url="jrt://$USER_HOME$/.jdks/liberica-17.0.10!/jdk.nio.mapmode" type="simple" />
            <root url="jrt://$USER_HOME$/.jdks/liberica-17.0.10!/jdk.random" type="simple" />
            <root url="jrt://$USER_HOME$/.jdks/liberica-17.0.10!/jdk.sctp" type="simple" />
            <root url="jrt://$USER_HOME$/.jdks/liberica-17.0.10!/jdk.security.auth" type="simple" />
            <root url="jrt://$USER_HOME$/.jdks/liberica-17.0.10!/jdk.security.jgss" type="simple" />
            <root url="jrt://$USER_HOME$/.jdks/liberica-17.0.10!/jdk.unsupported" type="simple" />
            <root url="jrt://$USER_HOME$/.jdks/liberica-17.0.10!/jdk.unsupported.desktop" type="simple" />
            <root url="jrt://$USER_HOME$/.jdks/liberica-17.0.10!/jdk.xml.dom" type="simple" />
            <root url="jrt://$USER_HOME$/.jdks/liberica-17.0.10!/jdk.zipfs" type="simple" />
          </root>
        </classPath>
        <javadocPath>
          <root type="composite" />
        </javadocPath>
        <sourcePath>
          <root type="composite">
            <root url="jar://$USER_HOME$/.jdks/liberica-17.0.10/lib/src.zip!/java.se" type="simple" />
            <root url="jar://$USER_HOME$/.jdks/liberica-17.0.10/lib/src.zip!/jdk.jdi" type="simple" />
            <root url="jar://$USER_HOME$/.jdks/liberica-17.0.10/lib/src.zip!/jdk.jfr" type="simple" />
            <root url="jar://$USER_HOME$/.jdks/liberica-17.0.10/lib/src.zip!/jdk.net" type="simple" />
            <root url="jar://$USER_HOME$/.jdks/liberica-17.0.10/lib/src.zip!/java.rmi" type="simple" />
            <root url="jar://$USER_HOME$/.jdks/liberica-17.0.10/lib/src.zip!/java.sql" type="simple" />
            <root url="jar://$USER_HOME$/.jdks/liberica-17.0.10/lib/src.zip!/java.xml" type="simple" />
            <root url="jar://$USER_HOME$/.jdks/liberica-17.0.10/lib/src.zip!/jdk.jcmd" type="simple" />
            <root url="jar://$USER_HOME$/.jdks/liberica-17.0.10/lib/src.zip!/jdk.sctp" type="simple" />
            <root url="jar://$USER_HOME$/.jdks/liberica-17.0.10/lib/src.zip!/java.base" type="simple" />
            <root url="jar://$USER_HOME$/.jdks/liberica-17.0.10/lib/src.zip!/jdk.jdeps" type="simple" />
            <root url="jar://$USER_HOME$/.jdks/liberica-17.0.10/lib/src.zip!/jdk.jlink" type="simple" />
            <root url="jar://$USER_HOME$/.jdks/liberica-17.0.10/lib/src.zip!/jdk.zipfs" type="simple" />
            <root url="jar://$USER_HOME$/.jdks/liberica-17.0.10/lib/src.zip!/java.prefs" type="simple" />
            <root url="jar://$USER_HOME$/.jdks/liberica-17.0.10/lib/src.zip!/jdk.attach" type="simple" />
            <root url="jar://$USER_HOME$/.jdks/liberica-17.0.10/lib/src.zip!/jdk.jshell" type="simple" />
            <root url="jar://$USER_HOME$/.jdks/liberica-17.0.10/lib/src.zip!/jdk.jstatd" type="simple" />
            <root url="jar://$USER_HOME$/.jdks/liberica-17.0.10/lib/src.zip!/jdk.random" type="simple" />
            <root url="jar://$USER_HOME$/.jdks/liberica-17.0.10/lib/src.zip!/java.naming" type="simple" />
            <root url="jar://$USER_HOME$/.jdks/liberica-17.0.10/lib/src.zip!/jdk.editpad" type="simple" />
            <root url="jar://$USER_HOME$/.jdks/liberica-17.0.10/lib/src.zip!/jdk.jartool" type="simple" />
            <root url="jar://$USER_HOME$/.jdks/liberica-17.0.10/lib/src.zip!/jdk.javadoc" type="simple" />
            <root url="jar://$USER_HOME$/.jdks/liberica-17.0.10/lib/src.zip!/jdk.xml.dom" type="simple" />
            <root url="jar://$USER_HOME$/.jdks/liberica-17.0.10/lib/src.zip!/java.desktop" type="simple" />
            <root url="jar://$USER_HOME$/.jdks/liberica-17.0.10/lib/src.zip!/java.logging" type="simple" />
            <root url="jar://$USER_HOME$/.jdks/liberica-17.0.10/lib/src.zip!/jdk.charsets" type="simple" />
            <root url="jar://$USER_HOME$/.jdks/liberica-17.0.10/lib/src.zip!/jdk.compiler" type="simple" />
            <root url="jar://$USER_HOME$/.jdks/liberica-17.0.10/lib/src.zip!/jdk.dynalink" type="simple" />
            <root url="jar://$USER_HOME$/.jdks/liberica-17.0.10/lib/src.zip!/jdk.jconsole" type="simple" />
            <root url="jar://$USER_HOME$/.jdks/liberica-17.0.10/lib/src.zip!/jdk.jpackage" type="simple" />
            <root url="jar://$USER_HOME$/.jdks/liberica-17.0.10/lib/src.zip!/jdk.jsobject" type="simple" />
            <root url="jar://$USER_HOME$/.jdks/liberica-17.0.10/lib/src.zip!/java.compiler" type="simple" />
            <root url="jar://$USER_HOME$/.jdks/liberica-17.0.10/lib/src.zip!/java.net.http" type="simple" />
            <root url="jar://$USER_HOME$/.jdks/liberica-17.0.10/lib/src.zip!/jdk.crypto.ec" type="simple" />
            <root url="jar://$USER_HOME$/.jdks/liberica-17.0.10/lib/src.zip!/java.scripting" type="simple" />
            <root url="jar://$USER_HOME$/.jdks/liberica-17.0.10/lib/src.zip!/jdk.httpserver" type="simple" />
            <root url="jar://$USER_HOME$/.jdks/liberica-17.0.10/lib/src.zip!/jdk.jdwp.agent" type="simple" />
            <root url="jar://$USER_HOME$/.jdks/liberica-17.0.10/lib/src.zip!/jdk.localedata" type="simple" />
            <root url="jar://$USER_HOME$/.jdks/liberica-17.0.10/lib/src.zip!/jdk.management" type="simple" />
            <root url="jar://$USER_HOME$/.jdks/liberica-17.0.10/lib/src.zip!/jdk.naming.dns" type="simple" />
            <root url="jar://$USER_HOME$/.jdks/liberica-17.0.10/lib/src.zip!/jdk.naming.rmi" type="simple" />
            <root url="jar://$USER_HOME$/.jdks/liberica-17.0.10/lib/src.zip!/java.instrument" type="simple" />
            <root url="jar://$USER_HOME$/.jdks/liberica-17.0.10/lib/src.zip!/java.management" type="simple" />
            <root url="jar://$USER_HOME$/.jdks/liberica-17.0.10/lib/src.zip!/java.sql.rowset" type="simple" />
            <root url="jar://$USER_HOME$/.jdks/liberica-17.0.10/lib/src.zip!/java.xml.crypto" type="simple" />
            <root url="jar://$USER_HOME$/.jdks/liberica-17.0.10/lib/src.zip!/jdk.internal.ed" type="simple" />
            <root url="jar://$USER_HOME$/.jdks/liberica-17.0.10/lib/src.zip!/jdk.internal.le" type="simple" />
            <root url="jar://$USER_HOME$/.jdks/liberica-17.0.10/lib/src.zip!/jdk.nio.mapmode" type="simple" />
            <root url="jar://$USER_HOME$/.jdks/liberica-17.0.10/lib/src.zip!/jdk.unsupported" type="simple" />
            <root url="jar://$USER_HOME$/.jdks/liberica-17.0.10/lib/src.zip!/java.smartcardio" type="simple" />
            <root url="jar://$USER_HOME$/.jdks/liberica-17.0.10/lib/src.zip!/jdk.internal.opt" type="simple" />
            <root url="jar://$USER_HOME$/.jdks/liberica-17.0.10/lib/src.zip!/java.datatransfer" type="simple" />
            <root url="jar://$USER_HOME$/.jdks/liberica-17.0.10/lib/src.zip!/jdk.accessibility" type="simple" />
            <root url="jar://$USER_HOME$/.jdks/liberica-17.0.10/lib/src.zip!/jdk.crypto.mscapi" type="simple" />
            <root url="jar://$USER_HOME$/.jdks/liberica-17.0.10/lib/src.zip!/jdk.hotspot.agent" type="simple" />
            <root url="jar://$USER_HOME$/.jdks/liberica-17.0.10/lib/src.zip!/jdk.security.auth" type="simple" />
            <root url="jar://$USER_HOME$/.jdks/liberica-17.0.10/lib/src.zip!/jdk.security.jgss" type="simple" />
            <root url="jar://$USER_HOME$/.jdks/liberica-17.0.10/lib/src.zip!/java.security.jgss" type="simple" />
            <root url="jar://$USER_HOME$/.jdks/liberica-17.0.10/lib/src.zip!/java.security.sasl" type="simple" />
            <root url="jar://$USER_HOME$/.jdks/liberica-17.0.10/lib/src.zip!/jdk.internal.vm.ci" type="simple" />
            <root url="jar://$USER_HOME$/.jdks/liberica-17.0.10/lib/src.zip!/jdk.management.jfr" type="simple" />
            <root url="jar://$USER_HOME$/.jdks/liberica-17.0.10/lib/src.zip!/java.management.rmi" type="simple" />
            <root url="jar://$USER_HOME$/.jdks/liberica-17.0.10/lib/src.zip!/java.transaction.xa" type="simple" />
            <root url="jar://$USER_HOME$/.jdks/liberica-17.0.10/lib/src.zip!/jdk.crypto.cryptoki" type="simple" />
            <root url="jar://$USER_HOME$/.jdks/liberica-17.0.10/lib/src.zip!/jdk.incubator.vector" type="simple" />
            <root url="jar://$USER_HOME$/.jdks/liberica-17.0.10/lib/src.zip!/jdk.internal.jvmstat" type="simple" />
            <root url="jar://$USER_HOME$/.jdks/liberica-17.0.10/lib/src.zip!/jdk.management.agent" type="simple" />
            <root url="jar://$USER_HOME$/.jdks/liberica-17.0.10/lib/src.zip!/jdk.incubator.foreign" type="simple" />
            <root url="jar://$USER_HOME$/.jdks/liberica-17.0.10/lib/src.zip!/jdk.unsupported.desktop" type="simple" />
            <root url="jar://$USER_HOME$/.jdks/liberica-17.0.10/lib/src.zip!/jdk.internal.vm.compiler" type="simple" />
            <root url="jar://$USER_HOME$/.jdks/liberica-17.0.10/lib/src.zip!/jdk.internal.vm.compiler.management" type="simple" />
          </root>
        </sourcePath>
      </roots>
    </jdk>
    <jdk version="2">
      <name value="temurin-25" />
      <type value="JavaSDK" />
      <version value="Eclipse Temurin 25" />
      <homePath value="C:/Program Files/Eclipse Adoptium/jdk-25.0.0.36-hotspot" />
      <roots>
        <annotationsPath>
          <root type="composite">
            <root url="jar://$APPLICATION_HOME_DIR$/plugins/java/lib/resources/jdkAnnotations.jar!/" type="simple" />
          </root>
        </annotationsPath>
        <classPath>
          <root type="composite">
            <root url="jrt://C:/Program Files/Eclipse Adoptium/jdk-25.0.0.36-hotspot!/java.base" type="simple" />
            <root url="jrt://C:/Program Files/Eclipse Adoptium/jdk-25.0.0.36-hotspot!/java.compiler" type="simple" />
            <root url="jrt://C:/Program Files/Eclipse Adoptium/jdk-25.0.0.36-hotspot!/java.datatransfer" type="simple" />
            <root url="jrt://C:/Program Files/Eclipse Adoptium/jdk-25.0.0.36-hotspot!/java.desktop" type="simple" />
            <root url="jrt://C:/Program Files/Eclipse Adoptium/jdk-25.0.0.36-hotspot!/java.instrument" type="simple" />
            <root url="jrt://C:/Program Files/Eclipse Adoptium/jdk-25.0.0.36-hotspot!/java.logging" type="simple" />
            <root url="jrt://C:/Program Files/Eclipse Adoptium/jdk-25.0.0.36-hotspot!/java.management" type="simple" />
            <root url="jrt://C:/Program Files/Eclipse Adoptium/jdk-25.0.0.36-hotspot!/java.management.rmi" type="simple" />
            <root url="jrt://C:/Program Files/Eclipse Adoptium/jdk-25.0.0.36-hotspot!/java.naming" type="simple" />
            <root url="jrt://C:/Program Files/Eclipse Adoptium/jdk-25.0.0.36-hotspot!/java.net.http" type="simple" />
            <root url="jrt://C:/Program Files/Eclipse Adoptium/jdk-25.0.0.36-hotspot!/java.prefs" type="simple" />
            <root url="jrt://C:/Program Files/Eclipse Adoptium/jdk-25.0.0.36-hotspot!/java.rmi" type="simple" />
            <root url="jrt://C:/Program Files/Eclipse Adoptium/jdk-25.0.0.36-hotspot!/java.scripting" type="simple" />
            <root url="jrt://C:/Program Files/Eclipse Adoptium/jdk-25.0.0.36-hotspot!/java.se" type="simple" />
            <root url="jrt://C:/Program Files/Eclipse Adoptium/jdk-25.0.0.36-hotspot!/java.security.jgss" type="simple" />
            <root url="jrt://C:/Program Files/Eclipse Adoptium/jdk-25.0.0.36-hotspot!/java.security.sasl" type="simple" />
            <root url="jrt://C:/Program Files/Eclipse Adoptium/jdk-25.0.0.36-hotspot!/java.smartcardio" type="simple" />
            <root url="jrt://C:/Program Files/Eclipse Adoptium/jdk-25.0.0.36-hotspot!/java.sql" type="simple" />
            <root url="jrt://C:/Program Files/Eclipse Adoptium/jdk-25.0.0.36-hotspot!/java.sql.rowset" type="simple" />
            <root url="jrt://C:/Program Files/Eclipse Adoptium/jdk-25.0.0.36-hotspot!/java.transaction.xa" type="simple" />
            <root url="jrt://C:/Program Files/Eclipse Adoptium/jdk-25.0.0.36-hotspot!/java.xml" type="simple" />
            <root url="jrt://C:/Program Files/Eclipse Adoptium/jdk-25.0.0.36-hotspot!/java.xml.crypto" type="simple" />
            <root url="jrt://C:/Program Files/Eclipse Adoptium/jdk-25.0.0.36-hotspot!/jdk.accessibility" type="simple" />
            <root url="jrt://C:/Program Files/Eclipse Adoptium/jdk-25.0.0.36-hotspot!/jdk.attach" type="simple" />
            <root url="jrt://C:/Program Files/Eclipse Adoptium/jdk-25.0.0.36-hotspot!/jdk.charsets" type="simple" />
            <root url="jrt://C:/Program Files/Eclipse Adoptium/jdk-25.0.0.36-hotspot!/jdk.compiler" type="simple" />
            <root url="jrt://C:/Program Files/Eclipse Adoptium/jdk-25.0.0.36-hotspot!/jdk.crypto.cryptoki" type="simple" />
            <root url="jrt://C:/Program Files/Eclipse Adoptium/jdk-25.0.0.36-hotspot!/jdk.crypto.ec" type="simple" />
            <root url="jrt://C:/Program Files/Eclipse Adoptium/jdk-25.0.0.36-hotspot!/jdk.crypto.mscapi" type="simple" />
            <root url="jrt://C:/Program Files/Eclipse Adoptium/jdk-25.0.0.36-hotspot!/jdk.dynalink" type="simple" />
            <root url="jrt://C:/Program Files/Eclipse Adoptium/jdk-25.0.0.36-hotspot!/jdk.editpad" type="simple" />
            <root url="jrt://C:/Program Files/Eclipse Adoptium/jdk-25.0.0.36-hotspot!/jdk.graal.compiler" type="simple" />
            <root url="jrt://C:/Program Files/Eclipse Adoptium/jdk-25.0.0.36-hotspot!/jdk.graal.compiler.management" type="simple" />
            <root url="jrt://C:/Program Files/Eclipse Adoptium/jdk-25.0.0.36-hotspot!/jdk.hotspot.agent" type="simple" />
            <root url="jrt://C:/Program Files/Eclipse Adoptium/jdk-25.0.0.36-hotspot!/jdk.httpserver" type="simple" />
            <root url="jrt://C:/Program Files/Eclipse Adoptium/jdk-25.0.0.36-hotspot!/jdk.incubator.vector" type="simple" />
            <root url="jrt://C:/Program Files/Eclipse Adoptium/jdk-25.0.0.36-hotspot!/jdk.internal.ed" type="simple" />
            <root url="jrt://C:/Program Files/Eclipse Adoptium/jdk-25.0.0.36-hotspot!/jdk.internal.jvmstat" type="simple" />
            <root url="jrt://C:/Program Files/Eclipse Adoptium/jdk-25.0.0.36-hotspot!/jdk.internal.le" type="simple" />
            <root url="jrt://C:/Program Files/Eclipse Adoptium/jdk-25.0.0.36-hotspot!/jdk.internal.md" type="simple" />
            <root url="jrt://C:/Program Files/Eclipse Adoptium/jdk-25.0.0.36-hotspot!/jdk.internal.opt" type="simple" />
            <root url="jrt://C:/Program Files/Eclipse Adoptium/jdk-25.0.0.36-hotspot!/jdk.internal.vm.ci" type="simple" />
            <root url="jrt://C:/Program Files/Eclipse Adoptium/jdk-25.0.0.36-hotspot!/jdk.jartool" type="simple" />
            <root url="jrt://C:/Program Files/Eclipse Adoptium/jdk-25.0.0.36-hotspot!/jdk.javadoc" type="simple" />
            <root url="jrt://C:/Program Files/Eclipse Adoptium/jdk-25.0.0.36-hotspot!/jdk.jcmd" type="simple" />
            <root url="jrt://C:/Program Files/Eclipse Adoptium/jdk-25.0.0.36-hotspot!/jdk.jconsole" type="simple" />
            <root url="jrt://C:/Program Files/Eclipse Adoptium/jdk-25.0.0.36-hotspot!/jdk.jdeps" type="simple" />
            <root url="jrt://C:/Program Files/Eclipse Adoptium/jdk-25.0.0.36-hotspot!/jdk.jdi" type="simple" />
            <root url="jrt://C:/Program Files/Eclipse Adoptium/jdk-25.0.0.36-hotspot!/jdk.jdwp.agent" type="simple" />
            <root url="jrt://C:/Program Files/Eclipse Adoptium/jdk-25.0.0.36-hotspot!/jdk.jfr" type="simple" />
            <root url="jrt://C:/Program Files/Eclipse Adoptium/jdk-25.0.0.36-hotspot!/jdk.jlink" type="simple" />
            <root url="jrt://C:/Program Files/Eclipse Adoptium/jdk-25.0.0.36-hotspot!/jdk.jpackage" type="simple" />
            <root url="jrt://C:/Program Files/Eclipse Adoptium/jdk-25.0.0.36-hotspot!/jdk.jshell" type="simple" />
            <root url="jrt://C:/Program Files/Eclipse Adoptium/jdk-25.0.0.36-hotspot!/jdk.jsobject" type="simple" />
            <root url="jrt://C:/Program Files/Eclipse Adoptium/jdk-25.0.0.36-hotspot!/jdk.jstatd" type="simple" />
            <root url="jrt://C:/Program Files/Eclipse Adoptium/jdk-25.0.0.36-hotspot!/jdk.localedata" type="simple" />
            <root url="jrt://C:/Program Files/Eclipse Adoptium/jdk-25.0.0.36-hotspot!/jdk.management" type="simple" />
            <root url="jrt://C:/Program Files/Eclipse Adoptium/jdk-25.0.0.36-hotspot!/jdk.management.agent" type="simple" />
            <root url="jrt://C:/Program Files/Eclipse Adoptium/jdk-25.0.0.36-hotspot!/jdk.management.jfr" type="simple" />
            <root url="jrt://C:/Program Files/Eclipse Adoptium/jdk-25.0.0.36-hotspot!/jdk.naming.dns" type="simple" />
            <root url="jrt://C:/Program Files/Eclipse Adoptium/jdk-25.0.0.36-hotspot!/jdk.naming.rmi" type="simple" />
            <root url="jrt://C:/Program Files/Eclipse Adoptium/jdk-25.0.0.36-hotspot!/jdk.net" type="simple" />
            <root url="jrt://C:/Program Files/Eclipse Adoptium/jdk-25.0.0.36-hotspot!/jdk.nio.mapmode" type="simple" />
            <root url="jrt://C:/Program Files/Eclipse Adoptium/jdk-25.0.0.36-hotspot!/jdk.sctp" type="simple" />
            <root url="jrt://C:/Program Files/Eclipse Adoptium/jdk-25.0.0.36-hotspot!/jdk.security.auth" type="simple" />
            <root url="jrt://C:/Program Files/Eclipse Adoptium/jdk-25.0.0.36-hotspot!/jdk.security.jgss" type="simple" />
            <root url="jrt://C:/Program Files/Eclipse Adoptium/jdk-25.0.0.36-hotspot!/jdk.unsupported" type="simple" />
            <root url="jrt://C:/Program Files/Eclipse Adoptium/jdk-25.0.0.36-hotspot!/jdk.unsupported.desktop" type="simple" />
            <root url="jrt://C:/Program Files/Eclipse Adoptium/jdk-25.0.0.36-hotspot!/jdk.xml.dom" type="simple" />
            <root url="jrt://C:/Program Files/Eclipse Adoptium/jdk-25.0.0.36-hotspot!/jdk.zipfs" type="simple" />
          </root>
        </classPath>
        <javadocPath>
          <root type="composite" />
        </javadocPath>
        <sourcePath>
          <root type="composite">
            <root url="jar://C:/Program Files/Eclipse Adoptium/jdk-25.0.0.36-hotspot/lib/src.zip!/java.se" type="simple" />
            <root url="jar://C:/Program Files/Eclipse Adoptium/jdk-25.0.0.36-hotspot/lib/src.zip!/jdk.jdi" type="simple" />
            <root url="jar://C:/Program Files/Eclipse Adoptium/jdk-25.0.0.36-hotspot/lib/src.zip!/jdk.jfr" type="simple" />
            <root url="jar://C:/Program Files/Eclipse Adoptium/jdk-25.0.0.36-hotspot/lib/src.zip!/jdk.net" type="simple" />
            <root url="jar://C:/Program Files/Eclipse Adoptium/jdk-25.0.0.36-hotspot/lib/src.zip!/java.rmi" type="simple" />
            <root url="jar://C:/Program Files/Eclipse Adoptium/jdk-25.0.0.36-hotspot/lib/src.zip!/java.sql" type="simple" />
            <root url="jar://C:/Program Files/Eclipse Adoptium/jdk-25.0.0.36-hotspot/lib/src.zip!/java.xml" type="simple" />
            <root url="jar://C:/Program Files/Eclipse Adoptium/jdk-25.0.0.36-hotspot/lib/src.zip!/jdk.jcmd" type="simple" />
            <root url="jar://C:/Program Files/Eclipse Adoptium/jdk-25.0.0.36-hotspot/lib/src.zip!/jdk.sctp" type="simple" />
            <root url="jar://C:/Program Files/Eclipse Adoptium/jdk-25.0.0.36-hotspot/lib/src.zip!/java.base" type="simple" />
            <root url="jar://C:/Program Files/Eclipse Adoptium/jdk-25.0.0.36-hotspot/lib/src.zip!/jdk.jdeps" type="simple" />
            <root url="jar://C:/Program Files/Eclipse Adoptium/jdk-25.0.0.36-hotspot/lib/src.zip!/jdk.jlink" type="simple" />
            <root url="jar://C:/Program Files/Eclipse Adoptium/jdk-25.0.0.36-hotspot/lib/src.zip!/jdk.zipfs" type="simple" />
            <root url="jar://C:/Program Files/Eclipse Adoptium/jdk-25.0.0.36-hotspot/lib/src.zip!/java.prefs" type="simple" />
            <root url="jar://C:/Program Files/Eclipse Adoptium/jdk-25.0.0.36-hotspot/lib/src.zip!/jdk.attach" type="simple" />
            <root url="jar://C:/Program Files/Eclipse Adoptium/jdk-25.0.0.36-hotspot/lib/src.zip!/jdk.jshell" type="simple" />
            <root url="jar://C:/Program Files/Eclipse Adoptium/jdk-25.0.0.36-hotspot/lib/src.zip!/jdk.jstatd" type="simple" />
            <root url="jar://C:/Program Files/Eclipse Adoptium/jdk-25.0.0.36-hotspot/lib/src.zip!/java.naming" type="simple" />
            <root url="jar://C:/Program Files/Eclipse Adoptium/jdk-25.0.0.36-hotspot/lib/src.zip!/jdk.editpad" type="simple" />
            <root url="jar://C:/Program Files/Eclipse Adoptium/jdk-25.0.0.36-hotspot/lib/src.zip!/jdk.jartool" type="simple" />
            <root url="jar://C:/Program Files/Eclipse Adoptium/jdk-25.0.0.36-hotspot/lib/src.zip!/jdk.javadoc" type="simple" />
            <root url="jar://C:/Program Files/Eclipse Adoptium/jdk-25.0.0.36-hotspot/lib/src.zip!/jdk.xml.dom" type="simple" />
            <root url="jar://C:/Program Files/Eclipse Adoptium/jdk-25.0.0.36-hotspot/lib/src.zip!/java.desktop" type="simple" />
            <root url="jar://C:/Program Files/Eclipse Adoptium/jdk-25.0.0.36-hotspot/lib/src.zip!/java.logging" type="simple" />
            <root url="jar://C:/Program Files/Eclipse Adoptium/jdk-25.0.0.36-hotspot/lib/src.zip!/jdk.charsets" type="simple" />
            <root url="jar://C:/Program Files/Eclipse Adoptium/jdk-25.0.0.36-hotspot/lib/src.zip!/jdk.compiler" type="simple" />
            <root url="jar://C:/Program Files/Eclipse Adoptium/jdk-25.0.0.36-hotspot/lib/src.zip!/jdk.dynalink" type="simple" />
            <root url="jar://C:/Program Files/Eclipse Adoptium/jdk-25.0.0.36-hotspot/lib/src.zip!/jdk.jconsole" type="simple" />
            <root url="jar://C:/Program Files/Eclipse Adoptium/jdk-25.0.0.36-hotspot/lib/src.zip!/jdk.jpackage" type="simple" />
            <root url="jar://C:/Program Files/Eclipse Adoptium/jdk-25.0.0.36-hotspot/lib/src.zip!/jdk.jsobject" type="simple" />
            <root url="jar://C:/Program Files/Eclipse Adoptium/jdk-25.0.0.36-hotspot/lib/src.zip!/java.compiler" type="simple" />
            <root url="jar://C:/Program Files/Eclipse Adoptium/jdk-25.0.0.36-hotspot/lib/src.zip!/java.net.http" type="simple" />
            <root url="jar://C:/Program Files/Eclipse Adoptium/jdk-25.0.0.36-hotspot/lib/src.zip!/jdk.crypto.ec" type="simple" />
            <root url="jar://C:/Program Files/Eclipse Adoptium/jdk-25.0.0.36-hotspot/lib/src.zip!/java.scripting" type="simple" />
            <root url="jar://C:/Program Files/Eclipse Adoptium/jdk-25.0.0.36-hotspot/lib/src.zip!/jdk.httpserver" type="simple" />
            <root url="jar://C:/Program Files/Eclipse Adoptium/jdk-25.0.0.36-hotspot/lib/src.zip!/jdk.jdwp.agent" type="simple" />
            <root url="jar://C:/Program Files/Eclipse Adoptium/jdk-25.0.0.36-hotspot/lib/src.zip!/jdk.localedata" type="simple" />
            <root url="jar://C:/Program Files/Eclipse Adoptium/jdk-25.0.0.36-hotspot/lib/src.zip!/jdk.management" type="simple" />
            <root url="jar://C:/Program Files/Eclipse Adoptium/jdk-25.0.0.36-hotspot/lib/src.zip!/jdk.naming.dns" type="simple" />
            <root url="jar://C:/Program Files/Eclipse Adoptium/jdk-25.0.0.36-hotspot/lib/src.zip!/jdk.naming.rmi" type="simple" />
            <root url="jar://C:/Program Files/Eclipse Adoptium/jdk-25.0.0.36-hotspot/lib/src.zip!/java.instrument" type="simple" />
            <root url="jar://C:/Program Files/Eclipse Adoptium/jdk-25.0.0.36-hotspot/lib/src.zip!/java.management" type="simple" />
            <root url="jar://C:/Program Files/Eclipse Adoptium/jdk-25.0.0.36-hotspot/lib/src.zip!/java.sql.rowset" type="simple" />
            <root url="jar://C:/Program Files/Eclipse Adoptium/jdk-25.0.0.36-hotspot/lib/src.zip!/java.xml.crypto" type="simple" />
            <root url="jar://C:/Program Files/Eclipse Adoptium/jdk-25.0.0.36-hotspot/lib/src.zip!/jdk.internal.ed" type="simple" />
            <root url="jar://C:/Program Files/Eclipse Adoptium/jdk-25.0.0.36-hotspot/lib/src.zip!/jdk.internal.le" type="simple" />
            <root url="jar://C:/Program Files/Eclipse Adoptium/jdk-25.0.0.36-hotspot/lib/src.zip!/jdk.internal.md" type="simple" />
            <root url="jar://C:/Program Files/Eclipse Adoptium/jdk-25.0.0.36-hotspot/lib/src.zip!/jdk.nio.mapmode" type="simple" />
            <root url="jar://C:/Program Files/Eclipse Adoptium/jdk-25.0.0.36-hotspot/lib/src.zip!/jdk.unsupported" type="simple" />
            <root url="jar://C:/Program Files/Eclipse Adoptium/jdk-25.0.0.36-hotspot/lib/src.zip!/java.smartcardio" type="simple" />
            <root url="jar://C:/Program Files/Eclipse Adoptium/jdk-25.0.0.36-hotspot/lib/src.zip!/jdk.internal.opt" type="simple" />
            <root url="jar://C:/Program Files/Eclipse Adoptium/jdk-25.0.0.36-hotspot/lib/src.zip!/java.datatransfer" type="simple" />
            <root url="jar://C:/Program Files/Eclipse Adoptium/jdk-25.0.0.36-hotspot/lib/src.zip!/jdk.accessibility" type="simple" />
            <root url="jar://C:/Program Files/Eclipse Adoptium/jdk-25.0.0.36-hotspot/lib/src.zip!/jdk.crypto.mscapi" type="simple" />
            <root url="jar://C:/Program Files/Eclipse Adoptium/jdk-25.0.0.36-hotspot/lib/src.zip!/jdk.hotspot.agent" type="simple" />
            <root url="jar://C:/Program Files/Eclipse Adoptium/jdk-25.0.0.36-hotspot/lib/src.zip!/jdk.security.auth" type="simple" />
            <root url="jar://C:/Program Files/Eclipse Adoptium/jdk-25.0.0.36-hotspot/lib/src.zip!/jdk.security.jgss" type="simple" />
            <root url="jar://C:/Program Files/Eclipse Adoptium/jdk-25.0.0.36-hotspot/lib/src.zip!/java.security.jgss" type="simple" />
            <root url="jar://C:/Program Files/Eclipse Adoptium/jdk-25.0.0.36-hotspot/lib/src.zip!/java.security.sasl" type="simple" />
            <root url="jar://C:/Program Files/Eclipse Adoptium/jdk-25.0.0.36-hotspot/lib/src.zip!/jdk.graal.compiler" type="simple" />
            <root url="jar://C:/Program Files/Eclipse Adoptium/jdk-25.0.0.36-hotspot/lib/src.zip!/jdk.internal.vm.ci" type="simple" />
            <root url="jar://C:/Program Files/Eclipse Adoptium/jdk-25.0.0.36-hotspot/lib/src.zip!/jdk.management.jfr" type="simple" />
            <root url="jar://C:/Program Files/Eclipse Adoptium/jdk-25.0.0.36-hotspot/lib/src.zip!/java.management.rmi" type="simple" />
            <root url="jar://C:/Program Files/Eclipse Adoptium/jdk-25.0.0.36-hotspot/lib/src.zip!/java.transaction.xa" type="simple" />
            <root url="jar://C:/Program Files/Eclipse Adoptium/jdk-25.0.0.36-hotspot/lib/src.zip!/jdk.crypto.cryptoki" type="simple" />
            <root url="jar://C:/Program Files/Eclipse Adoptium/jdk-25.0.0.36-hotspot/lib/src.zip!/jdk.incubator.vector" type="simple" />
            <root url="jar://C:/Program Files/Eclipse Adoptium/jdk-25.0.0.36-hotspot/lib/src.zip!/jdk.internal.jvmstat" type="simple" />
            <root url="jar://C:/Program Files/Eclipse Adoptium/jdk-25.0.0.36-hotspot/lib/src.zip!/jdk.management.agent" type="simple" />
            <root url="jar://C:/Program Files/Eclipse Adoptium/jdk-25.0.0.36-hotspot/lib/src.zip!/jdk.unsupported.desktop" type="simple" />
            <root url="jar://C:/Program Files/Eclipse Adoptium/jdk-25.0.0.36-hotspot/lib/src.zip!/jdk.graal.compiler.management" type="simple" />
          </root>
        </sourcePath>
      </roots>
    </jdk>
    <jdk version="2">
      <name value="temurin-21" />
      <type value="JavaSDK" />
      <version value="Eclipse Temurin 21.0.8" />
      <homePath value="C:/Program Files/Eclipse Adoptium/jdk-21.0.8.9-hotspot" />
      <roots>
        <annotationsPath>
          <root type="composite">
            <root url="jar://$APPLICATION_HOME_DIR$/plugins/java/lib/resources/jdkAnnotations.jar!/" type="simple" />
          </root>
        </annotationsPath>
        <classPath>
          <root type="composite">
            <root url="jrt://C:/Program Files/Eclipse Adoptium/jdk-21.0.8.9-hotspot!/java.base" type="simple" />
            <root url="jrt://C:/Program Files/Eclipse Adoptium/jdk-21.0.8.9-hotspot!/java.compiler" type="simple" />
            <root url="jrt://C:/Program Files/Eclipse Adoptium/jdk-21.0.8.9-hotspot!/java.datatransfer" type="simple" />
            <root url="jrt://C:/Program Files/Eclipse Adoptium/jdk-21.0.8.9-hotspot!/java.desktop" type="simple" />
            <root url="jrt://C:/Program Files/Eclipse Adoptium/jdk-21.0.8.9-hotspot!/java.instrument" type="simple" />
            <root url="jrt://C:/Program Files/Eclipse Adoptium/jdk-21.0.8.9-hotspot!/java.logging" type="simple" />
            <root url="jrt://C:/Program Files/Eclipse Adoptium/jdk-21.0.8.9-hotspot!/java.management" type="simple" />
            <root url="jrt://C:/Program Files/Eclipse Adoptium/jdk-21.0.8.9-hotspot!/java.management.rmi" type="simple" />
            <root url="jrt://C:/Program Files/Eclipse Adoptium/jdk-21.0.8.9-hotspot!/java.naming" type="simple" />
            <root url="jrt://C:/Program Files/Eclipse Adoptium/jdk-21.0.8.9-hotspot!/java.net.http" type="simple" />
            <root url="jrt://C:/Program Files/Eclipse Adoptium/jdk-21.0.8.9-hotspot!/java.prefs" type="simple" />
            <root url="jrt://C:/Program Files/Eclipse Adoptium/jdk-21.0.8.9-hotspot!/java.rmi" type="simple" />
            <root url="jrt://C:/Program Files/Eclipse Adoptium/jdk-21.0.8.9-hotspot!/java.scripting" type="simple" />
            <root url="jrt://C:/Program Files/Eclipse Adoptium/jdk-21.0.8.9-hotspot!/java.se" type="simple" />
            <root url="jrt://C:/Program Files/Eclipse Adoptium/jdk-21.0.8.9-hotspot!/java.security.jgss" type="simple" />
            <root url="jrt://C:/Program Files/Eclipse Adoptium/jdk-21.0.8.9-hotspot!/java.security.sasl" type="simple" />
            <root url="jrt://C:/Program Files/Eclipse Adoptium/jdk-21.0.8.9-hotspot!/java.smartcardio" type="simple" />
            <root url="jrt://C:/Program Files/Eclipse Adoptium/jdk-21.0.8.9-hotspot!/java.sql" type="simple" />
            <root url="jrt://C:/Program Files/Eclipse Adoptium/jdk-21.0.8.9-hotspot!/java.sql.rowset" type="simple" />
            <root url="jrt://C:/Program Files/Eclipse Adoptium/jdk-21.0.8.9-hotspot!/java.transaction.xa" type="simple" />
            <root url="jrt://C:/Program Files/Eclipse Adoptium/jdk-21.0.8.9-hotspot!/java.xml" type="simple" />
            <root url="jrt://C:/Program Files/Eclipse Adoptium/jdk-21.0.8.9-hotspot!/java.xml.crypto" type="simple" />
            <root url="jrt://C:/Program Files/Eclipse Adoptium/jdk-21.0.8.9-hotspot!/jdk.accessibility" type="simple" />
            <root url="jrt://C:/Program Files/Eclipse Adoptium/jdk-21.0.8.9-hotspot!/jdk.attach" type="simple" />
            <root url="jrt://C:/Program Files/Eclipse Adoptium/jdk-21.0.8.9-hotspot!/jdk.charsets" type="simple" />
            <root url="jrt://C:/Program Files/Eclipse Adoptium/jdk-21.0.8.9-hotspot!/jdk.compiler" type="simple" />
            <root url="jrt://C:/Program Files/Eclipse Adoptium/jdk-21.0.8.9-hotspot!/jdk.crypto.cryptoki" type="simple" />
            <root url="jrt://C:/Program Files/Eclipse Adoptium/jdk-21.0.8.9-hotspot!/jdk.crypto.ec" type="simple" />
            <root url="jrt://C:/Program Files/Eclipse Adoptium/jdk-21.0.8.9-hotspot!/jdk.crypto.mscapi" type="simple" />
            <root url="jrt://C:/Program Files/Eclipse Adoptium/jdk-21.0.8.9-hotspot!/jdk.dynalink" type="simple" />
            <root url="jrt://C:/Program Files/Eclipse Adoptium/jdk-21.0.8.9-hotspot!/jdk.editpad" type="simple" />
            <root url="jrt://C:/Program Files/Eclipse Adoptium/jdk-21.0.8.9-hotspot!/jdk.hotspot.agent" type="simple" />
            <root url="jrt://C:/Program Files/Eclipse Adoptium/jdk-21.0.8.9-hotspot!/jdk.httpserver" type="simple" />
            <root url="jrt://C:/Program Files/Eclipse Adoptium/jdk-21.0.8.9-hotspot!/jdk.incubator.vector" type="simple" />
            <root url="jrt://C:/Program Files/Eclipse Adoptium/jdk-21.0.8.9-hotspot!/jdk.internal.ed" type="simple" />
            <root url="jrt://C:/Program Files/Eclipse Adoptium/jdk-21.0.8.9-hotspot!/jdk.internal.jvmstat" type="simple" />
            <root url="jrt://C:/Program Files/Eclipse Adoptium/jdk-21.0.8.9-hotspot!/jdk.internal.le" type="simple" />
            <root url="jrt://C:/Program Files/Eclipse Adoptium/jdk-21.0.8.9-hotspot!/jdk.internal.opt" type="simple" />
            <root url="jrt://C:/Program Files/Eclipse Adoptium/jdk-21.0.8.9-hotspot!/jdk.internal.vm.ci" type="simple" />
            <root url="jrt://C:/Program Files/Eclipse Adoptium/jdk-21.0.8.9-hotspot!/jdk.internal.vm.compiler" type="simple" />
            <root url="jrt://C:/Program Files/Eclipse Adoptium/jdk-21.0.8.9-hotspot!/jdk.internal.vm.compiler.management" type="simple" />
            <root url="jrt://C:/Program Files/Eclipse Adoptium/jdk-21.0.8.9-hotspot!/jdk.jartool" type="simple" />
            <root url="jrt://C:/Program Files/Eclipse Adoptium/jdk-21.0.8.9-hotspot!/jdk.javadoc" type="simple" />
            <root url="jrt://C:/Program Files/Eclipse Adoptium/jdk-21.0.8.9-hotspot!/jdk.jcmd" type="simple" />
            <root url="jrt://C:/Program Files/Eclipse Adoptium/jdk-21.0.8.9-hotspot!/jdk.jconsole" type="simple" />
            <root url="jrt://C:/Program Files/Eclipse Adoptium/jdk-21.0.8.9-hotspot!/jdk.jdeps" type="simple" />
            <root url="jrt://C:/Program Files/Eclipse Adoptium/jdk-21.0.8.9-hotspot!/jdk.jdi" type="simple" />
            <root url="jrt://C:/Program Files/Eclipse Adoptium/jdk-21.0.8.9-hotspot!/jdk.jdwp.agent" type="simple" />
            <root url="jrt://C:/Program Files/Eclipse Adoptium/jdk-21.0.8.9-hotspot!/jdk.jfr" type="simple" />
            <root url="jrt://C:/Program Files/Eclipse Adoptium/jdk-21.0.8.9-hotspot!/jdk.jlink" type="simple" />
            <root url="jrt://C:/Program Files/Eclipse Adoptium/jdk-21.0.8.9-hotspot!/jdk.jpackage" type="simple" />
            <root url="jrt://C:/Program Files/Eclipse Adoptium/jdk-21.0.8.9-hotspot!/jdk.jshell" type="simple" />
            <root url="jrt://C:/Program Files/Eclipse Adoptium/jdk-21.0.8.9-hotspot!/jdk.jsobject" type="simple" />
            <root url="jrt://C:/Program Files/Eclipse Adoptium/jdk-21.0.8.9-hotspot!/jdk.jstatd" type="simple" />
            <root url="jrt://C:/Program Files/Eclipse Adoptium/jdk-21.0.8.9-hotspot!/jdk.localedata" type="simple" />
            <root url="jrt://C:/Program Files/Eclipse Adoptium/jdk-21.0.8.9-hotspot!/jdk.management" type="simple" />
            <root url="jrt://C:/Program Files/Eclipse Adoptium/jdk-21.0.8.9-hotspot!/jdk.management.agent" type="simple" />
            <root url="jrt://C:/Program Files/Eclipse Adoptium/jdk-21.0.8.9-hotspot!/jdk.management.jfr" type="simple" />
            <root url="jrt://C:/Program Files/Eclipse Adoptium/jdk-21.0.8.9-hotspot!/jdk.naming.dns" type="simple" />
            <root url="jrt://C:/Program Files/Eclipse Adoptium/jdk-21.0.8.9-hotspot!/jdk.naming.rmi" type="simple" />
            <root url="jrt://C:/Program Files/Eclipse Adoptium/jdk-21.0.8.9-hotspot!/jdk.net" type="simple" />
            <root url="jrt://C:/Program Files/Eclipse Adoptium/jdk-21.0.8.9-hotspot!/jdk.nio.mapmode" type="simple" />
            <root url="jrt://C:/Program Files/Eclipse Adoptium/jdk-21.0.8.9-hotspot!/jdk.random" type="simple" />
            <root url="jrt://C:/Program Files/Eclipse Adoptium/jdk-21.0.8.9-hotspot!/jdk.sctp" type="simple" />
            <root url="jrt://C:/Program Files/Eclipse Adoptium/jdk-21.0.8.9-hotspot!/jdk.security.auth" type="simple" />
            <root url="jrt://C:/Program Files/Eclipse Adoptium/jdk-21.0.8.9-hotspot!/jdk.security.jgss" type="simple" />
            <root url="jrt://C:/Program Files/Eclipse Adoptium/jdk-21.0.8.9-hotspot!/jdk.unsupported" type="simple" />
            <root url="jrt://C:/Program Files/Eclipse Adoptium/jdk-21.0.8.9-hotspot!/jdk.unsupported.desktop" type="simple" />
            <root url="jrt://C:/Program Files/Eclipse Adoptium/jdk-21.0.8.9-hotspot!/jdk.xml.dom" type="simple" />
            <root url="jrt://C:/Program Files/Eclipse Adoptium/jdk-21.0.8.9-hotspot!/jdk.zipfs" type="simple" />
          </root>
        </classPath>
        <javadocPath>
          <root type="composite" />
        </javadocPath>
        <sourcePath>
          <root type="composite">
            <root url="jar://C:/Program Files/Eclipse Adoptium/jdk-21.0.8.9-hotspot/lib/src.zip!/java.se" type="simple" />
            <root url="jar://C:/Program Files/Eclipse Adoptium/jdk-21.0.8.9-hotspot/lib/src.zip!/jdk.jdi" type="simple" />
            <root url="jar://C:/Program Files/Eclipse Adoptium/jdk-21.0.8.9-hotspot/lib/src.zip!/jdk.jfr" type="simple" />
            <root url="jar://C:/Program Files/Eclipse Adoptium/jdk-21.0.8.9-hotspot/lib/src.zip!/jdk.net" type="simple" />
            <root url="jar://C:/Program Files/Eclipse Adoptium/jdk-21.0.8.9-hotspot/lib/src.zip!/java.rmi" type="simple" />
            <root url="jar://C:/Program Files/Eclipse Adoptium/jdk-21.0.8.9-hotspot/lib/src.zip!/java.sql" type="simple" />
            <root url="jar://C:/Program Files/Eclipse Adoptium/jdk-21.0.8.9-hotspot/lib/src.zip!/java.xml" type="simple" />
            <root url="jar://C:/Program Files/Eclipse Adoptium/jdk-21.0.8.9-hotspot/lib/src.zip!/jdk.jcmd" type="simple" />
            <root url="jar://C:/Program Files/Eclipse Adoptium/jdk-21.0.8.9-hotspot/lib/src.zip!/jdk.sctp" type="simple" />
            <root url="jar://C:/Program Files/Eclipse Adoptium/jdk-21.0.8.9-hotspot/lib/src.zip!/java.base" type="simple" />
            <root url="jar://C:/Program Files/Eclipse Adoptium/jdk-21.0.8.9-hotspot/lib/src.zip!/jdk.jdeps" type="simple" />
            <root url="jar://C:/Program Files/Eclipse Adoptium/jdk-21.0.8.9-hotspot/lib/src.zip!/jdk.jlink" type="simple" />
            <root url="jar://C:/Program Files/Eclipse Adoptium/jdk-21.0.8.9-hotspot/lib/src.zip!/jdk.zipfs" type="simple" />
            <root url="jar://C:/Program Files/Eclipse Adoptium/jdk-21.0.8.9-hotspot/lib/src.zip!/java.prefs" type="simple" />
            <root url="jar://C:/Program Files/Eclipse Adoptium/jdk-21.0.8.9-hotspot/lib/src.zip!/jdk.attach" type="simple" />
            <root url="jar://C:/Program Files/Eclipse Adoptium/jdk-21.0.8.9-hotspot/lib/src.zip!/jdk.jshell" type="simple" />
            <root url="jar://C:/Program Files/Eclipse Adoptium/jdk-21.0.8.9-hotspot/lib/src.zip!/jdk.jstatd" type="simple" />
            <root url="jar://C:/Program Files/Eclipse Adoptium/jdk-21.0.8.9-hotspot/lib/src.zip!/jdk.random" type="simple" />
            <root url="jar://C:/Program Files/Eclipse Adoptium/jdk-21.0.8.9-hotspot/lib/src.zip!/java.naming" type="simple" />
            <root url="jar://C:/Program Files/Eclipse Adoptium/jdk-21.0.8.9-hotspot/lib/src.zip!/jdk.editpad" type="simple" />
            <root url="jar://C:/Program Files/Eclipse Adoptium/jdk-21.0.8.9-hotspot/lib/src.zip!/jdk.jartool" type="simple" />
            <root url="jar://C:/Program Files/Eclipse Adoptium/jdk-21.0.8.9-hotspot/lib/src.zip!/jdk.javadoc" type="simple" />
            <root url="jar://C:/Program Files/Eclipse Adoptium/jdk-21.0.8.9-hotspot/lib/src.zip!/jdk.xml.dom" type="simple" />
            <root url="jar://C:/Program Files/Eclipse Adoptium/jdk-21.0.8.9-hotspot/lib/src.zip!/java.desktop" type="simple" />
            <root url="jar://C:/Program Files/Eclipse Adoptium/jdk-21.0.8.9-hotspot/lib/src.zip!/java.logging" type="simple" />
            <root url="jar://C:/Program Files/Eclipse Adoptium/jdk-21.0.8.9-hotspot/lib/src.zip!/jdk.charsets" type="simple" />
            <root url="jar://C:/Program Files/Eclipse Adoptium/jdk-21.0.8.9-hotspot/lib/src.zip!/jdk.compiler" type="simple" />
            <root url="jar://C:/Program Files/Eclipse Adoptium/jdk-21.0.8.9-hotspot/lib/src.zip!/jdk.dynalink" type="simple" />
            <root url="jar://C:/Program Files/Eclipse Adoptium/jdk-21.0.8.9-hotspot/lib/src.zip!/jdk.jconsole" type="simple" />
            <root url="jar://C:/Program Files/Eclipse Adoptium/jdk-21.0.8.9-hotspot/lib/src.zip!/jdk.jpackage" type="simple" />
            <root url="jar://C:/Program Files/Eclipse Adoptium/jdk-21.0.8.9-hotspot/lib/src.zip!/jdk.jsobject" type="simple" />
            <root url="jar://C:/Program Files/Eclipse Adoptium/jdk-21.0.8.9-hotspot/lib/src.zip!/java.compiler" type="simple" />
            <root url="jar://C:/Program Files/Eclipse Adoptium/jdk-21.0.8.9-hotspot/lib/src.zip!/java.net.http" type="simple" />
            <root url="jar://C:/Program Files/Eclipse Adoptium/jdk-21.0.8.9-hotspot/lib/src.zip!/jdk.crypto.ec" type="simple" />
            <root url="jar://C:/Program Files/Eclipse Adoptium/jdk-21.0.8.9-hotspot/lib/src.zip!/java.scripting" type="simple" />
            <root url="jar://C:/Program Files/Eclipse Adoptium/jdk-21.0.8.9-hotspot/lib/src.zip!/jdk.httpserver" type="simple" />
            <root url="jar://C:/Program Files/Eclipse Adoptium/jdk-21.0.8.9-hotspot/lib/src.zip!/jdk.jdwp.agent" type="simple" />
            <root url="jar://C:/Program Files/Eclipse Adoptium/jdk-21.0.8.9-hotspot/lib/src.zip!/jdk.localedata" type="simple" />
            <root url="jar://C:/Program Files/Eclipse Adoptium/jdk-21.0.8.9-hotspot/lib/src.zip!/jdk.management" type="simple" />
            <root url="jar://C:/Program Files/Eclipse Adoptium/jdk-21.0.8.9-hotspot/lib/src.zip!/jdk.naming.dns" type="simple" />
            <root url="jar://C:/Program Files/Eclipse Adoptium/jdk-21.0.8.9-hotspot/lib/src.zip!/jdk.naming.rmi" type="simple" />
            <root url="jar://C:/Program Files/Eclipse Adoptium/jdk-21.0.8.9-hotspot/lib/src.zip!/java.instrument" type="simple" />
            <root url="jar://C:/Program Files/Eclipse Adoptium/jdk-21.0.8.9-hotspot/lib/src.zip!/java.management" type="simple" />
            <root url="jar://C:/Program Files/Eclipse Adoptium/jdk-21.0.8.9-hotspot/lib/src.zip!/java.sql.rowset" type="simple" />
            <root url="jar://C:/Program Files/Eclipse Adoptium/jdk-21.0.8.9-hotspot/lib/src.zip!/java.xml.crypto" type="simple" />
            <root url="jar://C:/Program Files/Eclipse Adoptium/jdk-21.0.8.9-hotspot/lib/src.zip!/jdk.internal.ed" type="simple" />
            <root url="jar://C:/Program Files/Eclipse Adoptium/jdk-21.0.8.9-hotspot/lib/src.zip!/jdk.internal.le" type="simple" />
            <root url="jar://C:/Program Files/Eclipse Adoptium/jdk-21.0.8.9-hotspot/lib/src.zip!/jdk.nio.mapmode" type="simple" />
            <root url="jar://C:/Program Files/Eclipse Adoptium/jdk-21.0.8.9-hotspot/lib/src.zip!/jdk.unsupported" type="simple" />
            <root url="jar://C:/Program Files/Eclipse Adoptium/jdk-21.0.8.9-hotspot/lib/src.zip!/java.smartcardio" type="simple" />
            <root url="jar://C:/Program Files/Eclipse Adoptium/jdk-21.0.8.9-hotspot/lib/src.zip!/jdk.internal.opt" type="simple" />
            <root url="jar://C:/Program Files/Eclipse Adoptium/jdk-21.0.8.9-hotspot/lib/src.zip!/java.datatransfer" type="simple" />
            <root url="jar://C:/Program Files/Eclipse Adoptium/jdk-21.0.8.9-hotspot/lib/src.zip!/jdk.accessibility" type="simple" />
            <root url="jar://C:/Program Files/Eclipse Adoptium/jdk-21.0.8.9-hotspot/lib/src.zip!/jdk.crypto.mscapi" type="simple" />
            <root url="jar://C:/Program Files/Eclipse Adoptium/jdk-21.0.8.9-hotspot/lib/src.zip!/jdk.hotspot.agent" type="simple" />
            <root url="jar://C:/Program Files/Eclipse Adoptium/jdk-21.0.8.9-hotspot/lib/src.zip!/jdk.security.auth" type="simple" />
            <root url="jar://C:/Program Files/Eclipse Adoptium/jdk-21.0.8.9-hotspot/lib/src.zip!/jdk.security.jgss" type="simple" />
            <root url="jar://C:/Program Files/Eclipse Adoptium/jdk-21.0.8.9-hotspot/lib/src.zip!/java.security.jgss" type="simple" />
            <root url="jar://C:/Program Files/Eclipse Adoptium/jdk-21.0.8.9-hotspot/lib/src.zip!/java.security.sasl" type="simple" />
            <root url="jar://C:/Program Files/Eclipse Adoptium/jdk-21.0.8.9-hotspot/lib/src.zip!/jdk.internal.vm.ci" type="simple" />
            <root url="jar://C:/Program Files/Eclipse Adoptium/jdk-21.0.8.9-hotspot/lib/src.zip!/jdk.management.jfr" type="simple" />
            <root url="jar://C:/Program Files/Eclipse Adoptium/jdk-21.0.8.9-hotspot/lib/src.zip!/java.management.rmi" type="simple" />
            <root url="jar://C:/Program Files/Eclipse Adoptium/jdk-21.0.8.9-hotspot/lib/src.zip!/java.transaction.xa" type="simple" />
            <root url="jar://C:/Program Files/Eclipse Adoptium/jdk-21.0.8.9-hotspot/lib/src.zip!/jdk.crypto.cryptoki" type="simple" />
            <root url="jar://C:/Program Files/Eclipse Adoptium/jdk-21.0.8.9-hotspot/lib/src.zip!/jdk.incubator.vector" type="simple" />
            <root url="jar://C:/Program Files/Eclipse Adoptium/jdk-21.0.8.9-hotspot/lib/src.zip!/jdk.internal.jvmstat" type="simple" />
            <root url="jar://C:/Program Files/Eclipse Adoptium/jdk-21.0.8.9-hotspot/lib/src.zip!/jdk.management.agent" type="simple" />
            <root url="jar://C:/Program Files/Eclipse Adoptium/jdk-21.0.8.9-hotspot/lib/src.zip!/jdk.unsupported.desktop" type="simple" />
            <root url="jar://C:/Program Files/Eclipse Adoptium/jdk-21.0.8.9-hotspot/lib/src.zip!/jdk.internal.vm.compiler" type="simple" />
            <root url="jar://C:/Program Files/Eclipse Adoptium/jdk-21.0.8.9-hotspot/lib/src.zip!/jdk.internal.vm.compiler.management" type="simple" />
          </root>
        </sourcePath>
      </roots>
    </jdk>
  </component>
</application>