<application>
  <component name="Trusted.Paths">
    <option name="TRUSTED_PROJECT_PATHS">
      <map>
        <entry key="C:\Users\Tsvetozar\Desktop\web-task" value="true" />
        <entry key="C:\Users\Tsvetozar\initial_test" value="true" />
        <entry key="C:\Users\Tsvetozar\maven_test" value="true" />
        <entry key="E:\User\Tsvetozar\Desktop\neetcode" value="true" />
        <entry key="E:\User\Tsvetozar\Desktop\neetcodeKotlin" value="true" />
        <entry key="E:\User\Tsvetozar\Desktop\tsbonev.github.io" value="true" />
        <entry key="E:\User\Tsvetozar\Desktop\untitled" value="true" />
        <entry key="E:\User\Tsvetozar\Downloads\ISO8583-master" value="true" />
        <entry key="E:\User\Tsvetozar\Downloads\array_reverse_homework" value="true" />
        <entry key="E:\User\Tsvetozar\Downloads\demo" value="true" />
        <entry key="E:\User\Tsvetozar\Downloads\neetcode" value="true" />
        <entry key="E:\User\Tsvetozar\Downloads\paynetics-task" value="true" />
        <entry key="E:\User\Tsvetozar\Downloads\web-task" value="true" />
      </map>
    </option>
  </component>
  <component name="Trusted.Paths.Settings">
    <option name="TRUSTED_PATHS">
      <list>
        <option value="E:\User\Tsvetozar\Downloads" />
      </list>
    </option>
  </component>
</application>