<application>
  <component name="DimensionService">
    <location key="find.popup.0.0.2560.1440@120dpi" x="1020" y="160" />
    <size key="GridCell.Tab.0.left.0.0.2560.1440@120dpi" width="2478" height="457" />
    <size key="GridCell.Tab.0.center.0.0.2560.1440@120dpi" width="2478" height="457" />
    <size key="GridCell.Tab.0.right.0.0.2560.1440@120dpi" width="2478" height="457" />
    <size key="GridCell.Tab.0.bottom.0.0.2560.1440@120dpi" width="2478" height="457" />
    <size key="GridCell.Tab.1.left.0.0.2560.1440@120dpi" width="2478" height="415" />
    <size key="GridCell.Tab.1.center.0.0.2560.1440@120dpi" width="2478" height="415" />
    <size key="GridCell.Tab.1.right.0.0.2560.1440@120dpi" width="2478" height="415" />
    <size key="GridCell.Tab.1.bottom.0.0.2560.1440@120dpi" width="2478" height="415" />
    <size key="find.popup.0.0.2560.1440@120dpi" width="814" height="660" />
    <size key="GridCell.Tab.0.left.2560.360.1920.1080" width="1877" height="388" />
    <size key="GridCell.Tab.0.center.2560.360.1920.1080" width="1877" height="388" />
    <size key="GridCell.Tab.0.right.2560.360.1920.1080" width="1877" height="388" />
    <size key="GridCell.Tab.0.bottom.2560.360.1920.1080" width="1877" height="388" />
    <size key="GridCell.Tab.1.left.2560.360.1920.1080" width="1877" height="388" />
    <size key="GridCell.Tab.1.center.2560.360.1920.1080" width="1877" height="388" />
    <size key="GridCell.Tab.1.right.2560.360.1920.1080" width="1877" height="388" />
    <size key="GridCell.Tab.1.bottom.2560.360.1920.1080" width="1877" height="388" />
    <size key="GridCell.Tab.2.left.0.0.2560.1440@120dpi" width="2507" height="520" />
    <size key="GridCell.Tab.2.center.0.0.2560.1440@120dpi" width="2507" height="520" />
    <size key="GridCell.Tab.2.right.0.0.2560.1440@120dpi" width="2507" height="520" />
    <size key="GridCell.Tab.2.bottom.0.0.2560.1440@120dpi" width="2507" height="520" />
  </component>
  <component name="WindowManager">
    <frame x="-14" y="85" width="2573" height="1393" extendedState="6" />
  </component>
  <component name="WindowStateApplicationService">
    <state width="649" height="95" key="ShowUsagesActions.dimensionServiceKey" timestamp="1762021052601">
      <screen x="0" y="0" width="2048" height="1104" />
    </state>
    <state width="649" height="95" key="ShowUsagesActions.dimensionServiceKey/0.0.2048.1104/2560.360.1920.1032" timestamp="1762021052601" />
  </component>
</application>